{
  "GET  List of Categories " : {
    "transaction" : "GET  List of Categories ",
    "sampleCount" : 200,
    "errorCount" : 0,
    "errorPct" : 0.0,
    "meanResTime" : 830.34,
    "medianResTime" : 775.5,
    "minResTime" : 54.0,
    "maxResTime" : 2360.0,
    "pct1ResTime" : 1485.5,
    "pct2ResTime" : 1731.0,
    "pct3ResTime" : 2197.6200000000003,
    "throughput" : 1.289041855189038,
    "receivedKBytesPerSec" : 1.3469480322776082,
    "sentKBytesPerSec" : 0.9406858468038207
  },
  "GET  List of Offers" : {
    "transaction" : "GET  List of Offers",
    "sampleCount" : 200,
    "errorCount" : 0,
    "errorPct" : 0.0,
    "meanResTime" : 853.8899999999999,
    "medianResTime" : 806.0,
    "minResTime" : 156.0,
    "maxResTime" : 2096.0,
    "pct1ResTime" : 1551.8000000000002,
    "pct2ResTime" : 1828.3999999999996,
    "pct3ResTime" : 2077.840000000001,
    "throughput" : 1.299545159194282,
    "receivedKBytesPerSec" : 1.7157803362573099,
    "sentKBytesPerSec" : 0.9825652818388564
  },
  "PUT  Update the Offers" : {
    "transaction" : "PUT  Update the Offers",
    "sampleCount" : 200,
    "errorCount" : 0,
    "errorPct" : 0.0,
    "meanResTime" : 2349.91,
    "medianResTime" : 2245.5,
    "minResTime" : 904.0,
    "maxResTime" : 4252.0,
    "pct1ResTime" : 3360.8,
    "pct2ResTime" : 3832.45,
    "pct3ResTime" : 4216.92,
    "throughput" : 1.2966216522849714,
    "receivedKBytesPerSec" : 42.9071288157144,
    "sentKBytesPerSec" : 1.9575821369297295
  },
  "POST Registration" : {
    "transaction" : "POST Registration",
    "sampleCount" : 200,
    "errorCount" : 200,
    "errorPct" : 100.0,
    "meanResTime" : 1545.565,
    "medianResTime" : 1486.5,
    "minResTime" : 496.0,
    "maxResTime" : 4060.0,
    "pct1ResTime" : 2139.0,
    "pct2ResTime" : 2452.2499999999995,
    "pct3ResTime" : 3114.5700000000015,
    "throughput" : 1.2780532692602629,
    "receivedKBytesPerSec" : 0.7775656120597106,
    "sentKBytesPerSec" : 1.0582505727276212
  },
  "GET  Get the Profile" : {
    "transaction" : "GET  Get the Profile",
    "sampleCount" : 200,
    "errorCount" : 0,
    "errorPct" : 0.0,
    "meanResTime" : 1254.0800000000004,
    "medianResTime" : 1071.0,
    "minResTime" : 32.0,
    "maxResTime" : 6573.0,
    "pct1ResTime" : 1935.1000000000004,
    "pct2ResTime" : 2503.7999999999997,
    "pct3ResTime" : 6549.66,
    "throughput" : 1.3478451325942649,
    "receivedKBytesPerSec" : 2.123941994221114,
    "sentKBytesPerSec" : 0.9951940896990936
  },
  "PUT  Update the Offers-0" : {
    "transaction" : "PUT  Update the Offers-0",
    "sampleCount" : 200,
    "errorCount" : 0,
    "errorPct" : 0.0,
    "meanResTime" : 855.7399999999999,
    "medianResTime" : 841.5,
    "minResTime" : 92.0,
    "maxResTime" : 2343.0,
    "pct1ResTime" : 1468.6000000000004,
    "pct2ResTime" : 1673.9,
    "pct3ResTime" : 2198.8900000000003,
    "throughput" : 1.3015579648839661,
    "receivedKBytesPerSec" : 1.6866996435358124,
    "sentKBytesPerSec" : 1.0346114768127448
  },
  "PUT  Update the Offers-1" : {
    "transaction" : "PUT  Update the Offers-1",
    "sampleCount" : 200,
    "errorCount" : 0,
    "errorPct" : 0.0,
    "meanResTime" : 1494.004999999999,
    "medianResTime" : 1384.5,
    "minResTime" : 507.0,
    "maxResTime" : 3536.0,
    "pct1ResTime" : 2304.7000000000003,
    "pct2ResTime" : 2654.099999999999,
    "pct3ResTime" : 3353.3100000000004,
    "throughput" : 1.2987434656969383,
    "receivedKBytesPerSec" : 41.2942904497711,
    "sentKBytesPerSec" : 0.9284113323484529
  },
  "GET  Categories " : {
    "transaction" : "GET  Categories ",
    "sampleCount" : 200,
    "errorCount" : 0,
    "errorPct" : 0.0,
    "meanResTime" : 717.1600000000002,
    "medianResTime" : 661.5,
    "minResTime" : 122.0,
    "maxResTime" : 2015.0,
    "pct1ResTime" : 1269.0,
    "pct2ResTime" : 1726.5999999999997,
    "pct3ResTime" : 1910.5700000000004,
    "throughput" : 1.303424095097822,
    "receivedKBytesPerSec" : 0.9342903181658215,
    "sentKBytesPerSec" : 0.9537271208339307
  },
  "POST Login" : {
    "transaction" : "POST Login",
    "sampleCount" : 200,
    "errorCount" : 0,
    "errorPct" : 0.0,
    "meanResTime" : 1115.7949999999998,
    "medianResTime" : 938.5,
    "minResTime" : 92.0,
    "maxResTime" : 3478.0,
    "pct1ResTime" : 1971.0000000000005,
    "pct2ResTime" : 3060.1,
    "pct3ResTime" : 3474.470000000002,
    "throughput" : 1.279132236690629,
    "receivedKBytesPerSec" : 2.618042669852772,
    "sentKBytesPerSec" : 1.0154236366049272
  },
  "POST  Create the Product" : {
    "transaction" : "POST  Create the Product",
    "sampleCount" : 200,
    "errorCount" : 0,
    "errorPct" : 0.0,
    "meanResTime" : 1629.1200000000003,
    "medianResTime" : 1568.5,
    "minResTime" : 698.0,
    "maxResTime" : 6055.0,
    "pct1ResTime" : 2147.9,
    "pct2ResTime" : 2297.45,
    "pct3ResTime" : 2933.3400000000015,
    "throughput" : 1.2972355909556734,
    "receivedKBytesPerSec" : 2.930523608876983,
    "sentKBytesPerSec" : 11.489478811278167
  },
  "GET  Get the Product" : {
    "transaction" : "GET  Get the Product",
    "sampleCount" : 200,
    "errorCount" : 0,
    "errorPct" : 0.0,
    "meanResTime" : 1228.4699999999991,
    "medianResTime" : 1110.0,
    "minResTime" : 85.0,
    "maxResTime" : 6558.0,
    "pct1ResTime" : 1934.2000000000003,
    "pct2ResTime" : 2221.7999999999997,
    "pct3ResTime" : 5378.510000000021,
    "throughput" : 1.3275276125743416,
    "receivedKBytesPerSec" : 2.91333972344281,
    "sentKBytesPerSec" : 1.1500874716240972
  },
  "POST  Create the offer" : {
    "transaction" : "POST  Create the offer",
    "sampleCount" : 200,
    "errorCount" : 0,
    "errorPct" : 0.0,
    "meanResTime" : 853.7500000000001,
    "medianResTime" : 773.0,
    "minResTime" : 240.0,
    "maxResTime" : 2823.0,
    "pct1ResTime" : 1459.0,
    "pct2ResTime" : 1651.6499999999996,
    "pct3ResTime" : 2161.76,
    "throughput" : 1.3026091260795374,
    "receivedKBytesPerSec" : 3.550430359666662,
    "sentKBytesPerSec" : 1.0854270400487176
  },
  "Total" : {
    "transaction" : "Total",
    "sampleCount" : 3000,
    "errorCount" : 400,
    "errorPct" : 13.333333,
    "meanResTime" : 1217.4469999999956,
    "medianResTime" : 1118.0,
    "minResTime" : 0.0,
    "maxResTime" : 6905.0,
    "pct1ResTime" : 2229.7000000000003,
    "pct2ResTime" : 2631.95,
    "pct3ResTime" : 3487.899999999998,
    "throughput" : 18.305407417351088,
    "receivedKBytesPerSec" : 117.93427958306384,
    "sentKBytesPerSec" : 29.617541404543402
  },
  "PUT Update  the Product" : {
    "transaction" : "PUT Update  the Product",
    "sampleCount" : 200,
    "errorCount" : 200,
    "errorPct" : 100.0,
    "meanResTime" : 0.0,
    "medianResTime" : 0.0,
    "minResTime" : 0.0,
    "maxResTime" : 0.0,
    "pct1ResTime" : 0.0,
    "pct2ResTime" : 0.0,
    "pct3ResTime" : 0.0,
    "throughput" : 1.3388404303033143,
    "receivedKBytesPerSec" : 1.5545715543267975,
    "sentKBytesPerSec" : 0.0
  },
  "GET List of Products" : {
    "transaction" : "GET List of Products",
    "sampleCount" : 200,
    "errorCount" : 0,
    "errorPct" : 0.0,
    "meanResTime" : 1347.9950000000001,
    "medianResTime" : 1290.5,
    "minResTime" : 270.0,
    "maxResTime" : 6646.0,
    "pct1ResTime" : 2017.4000000000003,
    "pct2ResTime" : 2233.2999999999997,
    "pct3ResTime" : 3124.4000000000005,
    "throughput" : 1.3145268360653584,
    "receivedKBytesPerSec" : 17.387216935131388,
    "sentKBytesPerSec" : 0.9806447220104374
  },
  "PUT Update the profile" : {
    "transaction" : "PUT Update the profile",
    "sampleCount" : 200,
    "errorCount" : 0,
    "errorPct" : 0.0,
    "meanResTime" : 2185.8850000000016,
    "medianResTime" : 2154.5,
    "minResTime" : 955.0,
    "maxResTime" : 6905.0,
    "pct1ResTime" : 3026.8,
    "pct2ResTime" : 3374.7,
    "pct3ResTime" : 5250.270000000014,
    "throughput" : 1.3303267947771371,
    "receivedKBytesPerSec" : 2.0960961560207263,